{"document":{"pageListHeight":85,"pageListCollapsed":0},"119EC4D5-0308-48EA-8861-1E0B17203FF7":{"scrollOrigin":"{1224.985474, 1136.513672}","zoomValue":0.32099512219429018}}